alpha,beta,gamma,delta
0.08969576656309536,0.9915974746261879,0.36965581061106917,0.6413333114286779
0.0025948823776281793,0.0150130456384874,0.004091130955502638,0.014028415847852693
