alpha,beta,gamma,delta
0.20380606533219212,1.3810104769671985,0.6263790026419354,0.4399231857920973
0.023512256856502614,0.02261791570040563,0.024825955127186567,0.052242955070854316
