alpha,beta,gamma,delta
0.08950289073176614,0.9892887530895123,0.369492554202961,0.6403931085993194
0.0024348538223849265,0.014136278514035776,0.004280507969572373,0.01199172343238137
