alpha,beta,gamma,delta
0.07324133368881239,1.0531341857745702,0.38229621926374713,0.6635353240740327
0.013639545311836978,0.07066163723592214,0.019011651573151298,0.037108996107654946
