alpha,beta,gamma
0.22265842236712677,1.2014654540440701,0.419564843654141
0.03270880661219537,0.048755176901562995,0.0180250103874382
