beta,gamma
1.2245136324410983,0.41018165340777446
0.03773017166212412,0.025479542692257558
