beta,gamma
1.385940899720084,0.46827618230879864
0.016518298409467547,0.006656599564428428
