beta,gamma
1.2198500511120178,0.413725344858514
0.03007926382158989,0.021271262620013328
