beta,gamma
1.3876577564025594,0.4696260536236841
0.017053886419868283,0.006233848753599746
