alpha,beta,gamma
0.1949770831542458,1.3048728870636568,0.43654110600246904
0.013798542397881735,0.03301610554738891,0.01891994617504152
