alpha,beta,gamma
0.21898982528871766,1.1879257691662337,0.4152621399244875
0.03219290595730552,0.06780428465164656,0.02060912442385878
