alpha,beta,gamma
0.19303314183386278,1.2884242237194787,0.43089355225582
0.013732358096257669,0.04075592857432811,0.01930669672185374
